alert_id,alert_type,is_sar,tran_id,orig_acct,bene_acct,tx_type,base_amt,tran_timestamp
20,scatter_gather,True,12749,2456,4585,TRANSFER,2803.73,2017-01-10T00:00:00Z
20,scatter_gather,True,14018,2456,7165,TRANSFER,2803.73,2017-01-11T00:00:00Z
20,scatter_gather,True,14019,2456,17205,TRANSFER,2803.73,2017-01-11T00:00:00Z
20,scatter_gather,True,15272,2456,5399,TRANSFER,2803.73,2017-01-12T00:00:00Z
20,scatter_gather,True,16635,2456,8882,TRANSFER,2803.73,2017-01-13T00:00:00Z
20,scatter_gather,True,18962,2456,6681,TRANSFER,2803.73,2017-01-15T00:00:00Z
73,gather_scatter,True,18972,5689,17414,TRANSFER,2713.19,2017-01-15T00:00:00Z
38,scatter_gather,True,19191,4280,358,TRANSFER,2857.21,2017-01-15T00:00:00Z
20,scatter_gather,True,20663,2456,8017,TRANSFER,2803.73,2017-01-16T00:00:00Z
38,scatter_gather,True,21121,4280,3412,TRANSFER,2857.21,2017-01-16T00:00:00Z
73,gather_scatter,True,22426,5839,17414,TRANSFER,2713.19,2017-01-17T00:00:00Z
38,scatter_gather,True,23331,4280,3666,TRANSFER,2857.21,2017-01-18T00:00:00Z
38,scatter_gather,True,23332,4280,107,TRANSFER,2857.21,2017-01-18T00:00:00Z
38,scatter_gather,True,23333,4280,16615,TRANSFER,2857.21,2017-01-18T00:00:00Z
20,scatter_gather,True,27544,8882,6387,TRANSFER,2523.37,2017-01-21T00:00:00Z
73,gather_scatter,True,27613,8577,17414,TRANSFER,2713.19,2017-01-21T00:00:00Z
73,gather_scatter,True,28588,5688,17414,TRANSFER,2713.19,2017-01-22T00:00:00Z
20,scatter_gather,True,29539,17205,6387,TRANSFER,2523.37,2017-01-22T00:00:00Z
38,scatter_gather,True,29676,107,279,TRANSFER,2571.5,2017-01-23T00:00:00Z
20,scatter_gather,True,29803,6681,6387,TRANSFER,2523.37,2017-01-23T00:00:00Z
38,scatter_gather,True,32459,3666,279,TRANSFER,2571.5,2017-01-25T00:00:00Z
38,scatter_gather,True,32460,3412,279,TRANSFER,2571.5,2017-01-25T00:00:00Z
38,scatter_gather,True,32461,16615,279,TRANSFER,2571.5,2017-01-25T00:00:00Z
73,gather_scatter,True,33663,17414,3653,TRANSFER,2441.87,2017-01-25T00:00:00Z
73,gather_scatter,True,33664,17414,3071,TRANSFER,2441.87,2017-01-25T00:00:00Z
38,scatter_gather,True,34402,358,279,TRANSFER,2571.5,2017-01-26T00:00:00Z
20,scatter_gather,True,36278,5399,6387,TRANSFER,2523.37,2017-01-27T00:00:00Z
20,scatter_gather,True,36528,8017,6387,TRANSFER,2523.37,2017-01-28T00:00:00Z
73,gather_scatter,True,38452,17414,3996,TRANSFER,2441.87,2017-01-29T00:00:00Z
20,scatter_gather,True,39625,7165,6387,TRANSFER,2523.37,2017-01-30T00:00:00Z
20,scatter_gather,True,40666,4585,6387,TRANSFER,2523.37,2017-01-31T00:00:00Z
73,gather_scatter,True,43994,17414,3421,TRANSFER,2441.87,2017-02-02T00:00:00Z
80,gather_scatter,True,57682,8429,18858,TRANSFER,2714.79,2017-02-13T00:00:00Z
80,gather_scatter,True,59129,8861,18858,TRANSFER,2714.79,2017-02-14T00:00:00Z
68,gather_scatter,True,62659,1178,8559,TRANSFER,2863.56,2017-02-17T00:00:00Z
68,gather_scatter,True,64757,827,8559,TRANSFER,2863.56,2017-02-19T00:00:00Z
80,gather_scatter,True,67675,4835,18858,TRANSFER,2714.79,2017-02-21T00:00:00Z
68,gather_scatter,True,68605,2560,8559,TRANSFER,2863.56,2017-02-22T00:00:00Z
80,gather_scatter,True,69241,4566,18858,TRANSFER,2714.79,2017-02-23T00:00:00Z
97,gather_scatter,True,69526,1622,13233,TRANSFER,2981.0,2017-02-23T00:00:00Z
54,gather_scatter,True,69981,2640,10012,TRANSFER,2954.69,2017-02-23T00:00:00Z
97,gather_scatter,True,72222,1961,13233,TRANSFER,2981.0,2017-02-25T00:00:00Z
97,gather_scatter,True,72223,826,13233,TRANSFER,2981.0,2017-02-25T00:00:00Z
97,gather_scatter,True,72938,3901,13233,TRANSFER,2981.0,2017-02-26T00:00:00Z
80,gather_scatter,True,72987,18858,177,TRANSFER,2443.31,2017-02-26T00:00:00Z
83,gather_scatter,True,74409,17429,6544,TRANSFER,2888.07,2017-02-27T00:00:00Z
83,gather_scatter,True,74410,15204,6544,TRANSFER,2888.07,2017-02-27T00:00:00Z
80,gather_scatter,True,74594,18858,2142,TRANSFER,2443.31,2017-02-27T00:00:00Z
68,gather_scatter,True,74654,8559,12337,TRANSFER,2577.2,2017-02-27T00:00:00Z
68,gather_scatter,True,74655,8559,18313,TRANSFER,2577.2,2017-02-27T00:00:00Z
54,gather_scatter,True,75701,191,10012,TRANSFER,2954.69,2017-02-28T00:00:00Z
81,gather_scatter,True,76055,3989,4077,TRANSFER,2804.51,2017-03-01T00:00:00Z
54,gather_scatter,True,77995,1563,10012,TRANSFER,2954.69,2017-03-02T00:00:00Z
68,gather_scatter,True,78432,8559,11228,TRANSFER,2577.2,2017-03-03T00:00:00Z
97,gather_scatter,True,78462,13233,8704,TRANSFER,2682.89,2017-03-03T00:00:00Z
46,scatter_gather,True,79273,14013,938,TRANSFER,2832.86,2017-03-03T00:00:00Z
46,scatter_gather,True,81846,14013,371,TRANSFER,2832.86,2017-03-05T00:00:00Z
81,gather_scatter,True,82241,653,4077,TRANSFER,2804.51,2017-03-06T00:00:00Z
97,gather_scatter,True,82437,13233,7590,TRANSFER,2682.89,2017-03-06T00:00:00Z
54,gather_scatter,True,83625,10012,6626,TRANSFER,2659.22,2017-03-07T00:00:00Z
80,gather_scatter,True,83691,18858,689,TRANSFER,2443.31,2017-03-07T00:00:00Z
57,gather_scatter,True,84622,2861,9060,TRANSFER,2839.7,2017-03-08T00:00:00Z
57,gather_scatter,True,84623,782,9060,TRANSFER,2839.7,2017-03-08T00:00:00Z
81,gather_scatter,True,84701,2870,4077,TRANSFER,2804.51,2017-03-08T00:00:00Z
81,gather_scatter,True,84702,2964,4077,TRANSFER,2804.51,2017-03-08T00:00:00Z
97,gather_scatter,True,85002,13233,6035,TRANSFER,2682.89,2017-03-08T00:00:00Z
80,gather_scatter,True,85227,18858,125,TRANSFER,2443.31,2017-03-08T00:00:00Z
83,gather_scatter,True,86525,19796,6544,TRANSFER,2888.07,2017-03-09T00:00:00Z
97,gather_scatter,True,86883,13233,6317,TRANSFER,2682.89,2017-03-10T00:00:00Z
57,gather_scatter,True,86922,418,9060,TRANSFER,2839.7,2017-03-10T00:00:00Z
81,gather_scatter,True,87831,2162,4077,TRANSFER,2804.51,2017-03-11T00:00:00Z
83,gather_scatter,True,88650,13919,6544,TRANSFER,2888.07,2017-03-11T00:00:00Z
83,gather_scatter,True,88651,19506,6544,TRANSFER,2888.07,2017-03-11T00:00:00Z
46,scatter_gather,True,89118,14013,1187,TRANSFER,2832.86,2017-03-12T00:00:00Z
54,gather_scatter,True,89855,10012,5495,TRANSFER,2659.22,2017-03-12T00:00:00Z
46,scatter_gather,True,92801,14013,8189,TRANSFER,2832.86,2017-03-15T00:00:00Z
54,gather_scatter,True,93452,10012,8455,TRANSFER,2659.22,2017-03-15T00:00:00Z
83,gather_scatter,True,94852,6544,2341,TRANSFER,2599.26,2017-03-16T00:00:00Z
81,gather_scatter,True,97273,4077,17294,TRANSFER,2524.05,2017-03-18T00:00:00Z
83,gather_scatter,True,97817,6544,802,TRANSFER,2599.26,2017-03-19T00:00:00Z
83,gather_scatter,True,97818,6544,3222,TRANSFER,2599.26,2017-03-19T00:00:00Z
46,scatter_gather,True,99263,371,1970,TRANSFER,2549.58,2017-03-20T00:00:00Z
81,gather_scatter,True,100060,4077,16707,TRANSFER,2524.05,2017-03-21T00:00:00Z
46,scatter_gather,True,102062,1187,1970,TRANSFER,2549.58,2017-03-22T00:00:00Z
83,gather_scatter,True,103685,6544,2932,TRANSFER,2599.26,2017-03-24T00:00:00Z
45,scatter_gather,True,103811,12957,1979,TRANSFER,2940.57,2017-03-24T00:00:00Z
45,scatter_gather,True,103812,12957,214,TRANSFER,2940.57,2017-03-24T00:00:00Z
46,scatter_gather,True,104710,8189,1970,TRANSFER,2549.58,2017-03-24T00:00:00Z
99,gather_scatter,True,105157,18700,7369,TRANSFER,2849.84,2017-03-25T00:00:00Z
99,gather_scatter,True,105158,14626,7369,TRANSFER,2849.84,2017-03-25T00:00:00Z
57,gather_scatter,True,105218,9060,18365,TRANSFER,2555.73,2017-03-25T00:00:00Z
45,scatter_gather,True,105341,12957,851,TRANSFER,2940.57,2017-03-25T00:00:00Z
81,gather_scatter,True,105552,4077,18897,TRANSFER,2524.05,2017-03-25T00:00:00Z
81,gather_scatter,True,105553,4077,16983,TRANSFER,2524.05,2017-03-25T00:00:00Z
45,scatter_gather,True,106244,12957,1006,TRANSFER,2940.57,2017-03-26T00:00:00Z
45,scatter_gather,True,106245,12957,9103,TRANSFER,2940.57,2017-03-26T00:00:00Z
81,gather_scatter,True,106797,4077,13773,TRANSFER,2524.05,2017-03-26T00:00:00Z
83,gather_scatter,True,106901,6544,3143,TRANSFER,2599.26,2017-03-26T00:00:00Z
57,gather_scatter,True,107039,9060,16404,TRANSFER,2555.73,2017-03-26T00:00:00Z
57,gather_scatter,True,108022,9060,16210,TRANSFER,2555.73,2017-03-27T00:00:00Z
45,scatter_gather,True,108032,12957,460,TRANSFER,2940.57,2017-03-27T00:00:00Z
45,scatter_gather,True,108985,12957,1400,TRANSFER,2940.57,2017-03-28T00:00:00Z
99,gather_scatter,True,111773,13275,7369,TRANSFER,2849.84,2017-03-30T00:00:00Z
6,cycle,True,111812,11112,5324,TRANSFER,2916.54,2017-03-30T00:00:00Z
45,scatter_gather,True,112538,1400,3690,TRANSFER,2646.51,2017-03-31T00:00:00Z
45,scatter_gather,True,112539,9103,3690,TRANSFER,2646.51,2017-03-31T00:00:00Z
46,scatter_gather,True,112988,938,1970,TRANSFER,2549.58,2017-03-31T00:00:00Z
6,cycle,True,113990,5324,4179,TRANSFER,2624.88,2017-04-01T00:00:00Z
45,scatter_gather,True,114878,851,3690,TRANSFER,2646.51,2017-04-01T00:00:00Z
33,scatter_gather,True,115763,7588,3484,TRANSFER,2931.48,2017-04-02T00:00:00Z
33,scatter_gather,True,115764,7588,3289,TRANSFER,2931.48,2017-04-02T00:00:00Z
6,cycle,True,117319,4179,3347,TRANSFER,2362.39,2017-04-03T00:00:00Z
45,scatter_gather,True,117536,460,3690,TRANSFER,2646.51,2017-04-04T00:00:00Z
45,scatter_gather,True,117537,1006,3690,TRANSFER,2646.51,2017-04-04T00:00:00Z
10,cycle,True,117614,17547,8257,TRANSFER,2802.45,2017-04-04T00:00:00Z
6,cycle,True,118785,3347,934,TRANSFER,2126.15,2017-04-05T00:00:00Z
45,scatter_gather,True,118973,214,3690,TRANSFER,2646.51,2017-04-05T00:00:00Z
45,scatter_gather,True,120779,1979,3690,TRANSFER,2646.51,2017-04-06T00:00:00Z
49,scatter_gather,True,122224,1074,6907,TRANSFER,2898.45,2017-04-07T00:00:00Z
10,cycle,True,124168,8257,7780,TRANSFER,2522.21,2017-04-09T00:00:00Z
49,scatter_gather,True,124628,1074,5301,TRANSFER,2898.45,2017-04-09T00:00:00Z
49,scatter_gather,True,124629,1074,13299,TRANSFER,2898.45,2017-04-09T00:00:00Z
33,scatter_gather,True,125856,7588,2501,TRANSFER,2931.48,2017-04-10T00:00:00Z
33,scatter_gather,True,126498,7588,13636,TRANSFER,2931.48,2017-04-11T00:00:00Z
6,cycle,True,127676,934,11112,TRANSFER,1913.54,2017-04-12T00:00:00Z
49,scatter_gather,True,128699,1074,4593,TRANSFER,2898.45,2017-04-13T00:00:00Z
49,scatter_gather,True,128700,1074,8838,TRANSFER,2898.45,2017-04-13T00:00:00Z
99,gather_scatter,True,128781,7369,3629,TRANSFER,2564.85,2017-04-13T00:00:00Z
10,cycle,True,130366,7780,714,TRANSFER,2269.99,2017-04-14T00:00:00Z
49,scatter_gather,True,130943,1074,5521,TRANSFER,2898.45,2017-04-14T00:00:00Z
49,scatter_gather,True,130944,1074,4698,TRANSFER,2898.45,2017-04-14T00:00:00Z
99,gather_scatter,True,131261,7369,766,TRANSFER,2564.85,2017-04-15T00:00:00Z
49,scatter_gather,True,133195,4593,8245,TRANSFER,2608.62,2017-04-16T00:00:00Z
99,gather_scatter,True,134382,7369,477,TRANSFER,2564.85,2017-04-17T00:00:00Z
49,scatter_gather,True,134997,4698,8245,TRANSFER,2608.62,2017-04-18T00:00:00Z
33,scatter_gather,True,136170,13636,2293,TRANSFER,2638.34,2017-04-19T00:00:00Z
10,cycle,True,136406,714,1754,TRANSFER,2042.99,2017-04-19T00:00:00Z
49,scatter_gather,True,137894,13299,8245,TRANSFER,2608.62,2017-04-20T00:00:00Z
33,scatter_gather,True,138818,3289,2293,TRANSFER,2638.34,2017-04-21T00:00:00Z
33,scatter_gather,True,138819,2501,2293,TRANSFER,2638.34,2017-04-21T00:00:00Z
17,cycle,True,138918,17562,5723,TRANSFER,2941.42,2017-04-21T00:00:00Z
49,scatter_gather,True,139062,5301,8245,TRANSFER,2608.62,2017-04-21T00:00:00Z
49,scatter_gather,True,139063,5521,8245,TRANSFER,2608.62,2017-04-21T00:00:00Z
49,scatter_gather,True,140622,8838,8245,TRANSFER,2608.62,2017-04-22T00:00:00Z
49,scatter_gather,True,142193,6907,8245,TRANSFER,2608.62,2017-04-24T00:00:00Z
17,cycle,True,142685,5723,73,TRANSFER,2647.28,2017-04-24T00:00:00Z
17,cycle,True,145882,73,2478,TRANSFER,2382.55,2017-04-27T00:00:00Z
33,scatter_gather,True,146339,3484,2293,TRANSFER,2638.34,2017-04-27T00:00:00Z
15,cycle,True,148756,10410,14346,TRANSFER,2739.04,2017-04-29T00:00:00Z
10,cycle,True,150723,1754,17547,TRANSFER,1838.69,2017-05-01T00:00:00Z
15,cycle,True,153077,14346,7146,TRANSFER,2465.13,2017-05-03T00:00:00Z
17,cycle,True,153635,2478,17562,TRANSFER,2144.31,2017-05-03T00:00:00Z
15,cycle,True,158879,7146,8536,TRANSFER,2218.62,2017-05-07T00:00:00Z
15,cycle,True,163331,8536,2859,TRANSFER,1996.76,2017-05-11T00:00:00Z
15,cycle,True,168102,2859,3134,TRANSFER,1797.08,2017-05-15T00:00:00Z
88,gather_scatter,True,168650,9342,18382,TRANSFER,2756.97,2017-05-15T00:00:00Z
88,gather_scatter,True,175396,6400,18382,TRANSFER,2756.97,2017-05-21T00:00:00Z
88,gather_scatter,True,177054,7856,18382,TRANSFER,2756.97,2017-05-22T00:00:00Z
15,cycle,True,182316,3134,10410,TRANSFER,1617.38,2017-05-27T00:00:00Z
88,gather_scatter,True,182869,18382,2024,TRANSFER,2481.28,2017-05-27T00:00:00Z
88,gather_scatter,True,192639,18382,3580,TRANSFER,2481.28,2017-06-04T00:00:00Z
88,gather_scatter,True,195826,18382,2124,TRANSFER,2481.28,2017-06-07T00:00:00Z
0,cycle,True,217964,13601,4113,TRANSFER,2847.33,2017-06-25T00:00:00Z
0,cycle,True,221796,4113,7424,TRANSFER,2562.59,2017-06-28T00:00:00Z
0,cycle,True,226250,7424,3043,TRANSFER,2306.33,2017-07-01T00:00:00Z
0,cycle,True,228926,3043,966,TRANSFER,2075.7,2017-07-04T00:00:00Z
64,gather_scatter,True,236369,5849,239,TRANSFER,2748.75,2017-07-10T00:00:00Z
63,gather_scatter,True,237904,19142,6079,TRANSFER,2844.06,2017-07-11T00:00:00Z
0,cycle,True,238146,966,13601,TRANSFER,1868.13,2017-07-11T00:00:00Z
64,gather_scatter,True,239097,6440,239,TRANSFER,2748.75,2017-07-12T00:00:00Z
63,gather_scatter,True,239466,19535,6079,TRANSFER,2844.06,2017-07-12T00:00:00Z
63,gather_scatter,True,241729,12372,6079,TRANSFER,2844.06,2017-07-14T00:00:00Z
63,gather_scatter,True,242491,15022,6079,TRANSFER,2844.06,2017-07-15T00:00:00Z
64,gather_scatter,True,245428,8154,239,TRANSFER,2748.75,2017-07-17T00:00:00Z
63,gather_scatter,True,247290,6079,100,TRANSFER,2559.65,2017-07-19T00:00:00Z
63,gather_scatter,True,249704,6079,1013,TRANSFER,2559.65,2017-07-21T00:00:00Z
71,gather_scatter,True,251905,2405,6981,TRANSFER,2926.91,2017-07-22T00:00:00Z
71,gather_scatter,True,251906,3663,6981,TRANSFER,2926.91,2017-07-22T00:00:00Z
64,gather_scatter,True,252171,6397,239,TRANSFER,2748.75,2017-07-23T00:00:00Z
64,gather_scatter,True,252172,9197,239,TRANSFER,2748.75,2017-07-23T00:00:00Z
63,gather_scatter,True,252865,6079,172,TRANSFER,2559.65,2017-07-23T00:00:00Z
63,gather_scatter,True,254250,6079,3351,TRANSFER,2559.65,2017-07-24T00:00:00Z
64,gather_scatter,True,255750,239,14222,TRANSFER,2473.87,2017-07-26T00:00:00Z
64,gather_scatter,True,257502,239,11712,TRANSFER,2473.87,2017-07-27T00:00:00Z
64,gather_scatter,True,263801,239,18138,TRANSFER,2473.87,2017-08-01T00:00:00Z
71,gather_scatter,True,263850,1353,6981,TRANSFER,2926.91,2017-08-01T00:00:00Z
71,gather_scatter,True,263851,298,6981,TRANSFER,2926.91,2017-08-01T00:00:00Z
64,gather_scatter,True,268611,239,18002,TRANSFER,2473.87,2017-08-05T00:00:00Z
71,gather_scatter,True,269689,6981,13998,TRANSFER,2634.22,2017-08-06T00:00:00Z
64,gather_scatter,True,271624,239,19139,TRANSFER,2473.87,2017-08-07T00:00:00Z
71,gather_scatter,True,280044,6981,18987,TRANSFER,2634.22,2017-08-14T00:00:00Z
71,gather_scatter,True,280594,6981,10588,TRANSFER,2634.22,2017-08-15T00:00:00Z
34,scatter_gather,True,282120,1390,12412,TRANSFER,2742.62,2017-08-16T00:00:00Z
34,scatter_gather,True,282121,1390,8016,TRANSFER,2742.62,2017-08-16T00:00:00Z
71,gather_scatter,True,283541,6981,16868,TRANSFER,2634.22,2017-08-17T00:00:00Z
34,scatter_gather,True,284887,1390,12134,TRANSFER,2742.62,2017-08-18T00:00:00Z
34,scatter_gather,True,284888,1390,10652,TRANSFER,2742.62,2017-08-18T00:00:00Z
34,scatter_gather,True,284889,1390,10736,TRANSFER,2742.62,2017-08-18T00:00:00Z
34,scatter_gather,True,285093,1390,13269,TRANSFER,2742.62,2017-08-19T00:00:00Z
34,scatter_gather,True,288290,13269,12915,TRANSFER,2468.36,2017-08-21T00:00:00Z
5,cycle,True,288817,17457,5532,TRANSFER,2712.98,2017-08-22T00:00:00Z
34,scatter_gather,True,290420,10736,12915,TRANSFER,2468.36,2017-08-23T00:00:00Z
34,scatter_gather,True,290421,8016,12915,TRANSFER,2468.36,2017-08-23T00:00:00Z
34,scatter_gather,True,291347,12134,12915,TRANSFER,2468.36,2017-08-24T00:00:00Z
34,scatter_gather,True,291348,10652,12915,TRANSFER,2468.36,2017-08-24T00:00:00Z
5,cycle,True,292738,5532,8771,TRANSFER,2441.69,2017-08-25T00:00:00Z
34,scatter_gather,True,293407,12412,12915,TRANSFER,2468.36,2017-08-25T00:00:00Z
5,cycle,True,296883,8771,3556,TRANSFER,2197.52,2017-08-28T00:00:00Z
56,gather_scatter,True,297190,14100,6659,TRANSFER,2720.12,2017-08-28T00:00:00Z
56,gather_scatter,True,297191,14447,6659,TRANSFER,2720.12,2017-08-28T00:00:00Z
5,cycle,True,300690,3556,2950,TRANSFER,1977.76,2017-08-31T00:00:00Z
56,gather_scatter,True,301596,17965,6659,TRANSFER,2720.12,2017-09-01T00:00:00Z
56,gather_scatter,True,302881,10840,6659,TRANSFER,2720.12,2017-09-02T00:00:00Z
13,cycle,True,308971,17339,7811,TRANSFER,2980.08,2017-09-08T00:00:00Z
56,gather_scatter,True,310298,6659,2569,TRANSFER,2448.1,2017-09-09T00:00:00Z
56,gather_scatter,True,310299,6659,1005,TRANSFER,2448.1,2017-09-09T00:00:00Z
56,gather_scatter,True,310300,6659,1468,TRANSFER,2448.1,2017-09-09T00:00:00Z
5,cycle,True,310888,2950,17457,TRANSFER,1779.99,2017-09-09T00:00:00Z
13,cycle,True,311845,7811,3206,TRANSFER,2682.07,2017-09-10T00:00:00Z
43,scatter_gather,True,312873,13026,8463,TRANSFER,2856.07,2017-09-11T00:00:00Z
43,scatter_gather,True,312874,13026,288,TRANSFER,2856.07,2017-09-11T00:00:00Z
13,cycle,True,314962,3206,3856,TRANSFER,2413.86,2017-09-12T00:00:00Z
56,gather_scatter,True,321355,6659,3783,TRANSFER,2448.1,2017-09-17T00:00:00Z
13,cycle,True,321706,3856,17339,TRANSFER,2172.47,2017-09-17T00:00:00Z
43,scatter_gather,True,321753,13026,7331,TRANSFER,2856.07,2017-09-18T00:00:00Z
43,scatter_gather,True,321754,13026,5710,TRANSFER,2856.07,2017-09-18T00:00:00Z
76,gather_scatter,True,323949,15740,2775,TRANSFER,2811.68,2017-09-19T00:00:00Z
59,gather_scatter,True,324513,1233,16309,TRANSFER,2781.0,2017-09-20T00:00:00Z
59,gather_scatter,True,328097,3228,16309,TRANSFER,2781.0,2017-09-23T00:00:00Z
76,gather_scatter,True,329856,14377,2775,TRANSFER,2811.68,2017-09-24T00:00:00Z
59,gather_scatter,True,330163,2943,16309,TRANSFER,2781.0,2017-09-24T00:00:00Z
59,gather_scatter,True,330164,586,16309,TRANSFER,2781.0,2017-09-24T00:00:00Z
24,scatter_gather,True,330928,19147,841,TRANSFER,2961.81,2017-09-25T00:00:00Z
43,scatter_gather,True,331153,7331,4299,TRANSFER,2570.46,2017-09-25T00:00:00Z
43,scatter_gather,True,331154,288,4299,TRANSFER,2570.46,2017-09-25T00:00:00Z
59,gather_scatter,True,331686,554,16309,TRANSFER,2781.0,2017-09-25T00:00:00Z
43,scatter_gather,True,331884,5710,4299,TRANSFER,2570.46,2017-09-26T00:00:00Z
24,scatter_gather,True,332888,19147,9134,TRANSFER,2961.81,2017-09-26T00:00:00Z
24,scatter_gather,True,334632,19147,2604,TRANSFER,2961.81,2017-09-28T00:00:00Z
43,scatter_gather,True,334736,8463,4299,TRANSFER,2570.46,2017-09-28T00:00:00Z
76,gather_scatter,True,334911,10167,2775,TRANSFER,2811.68,2017-09-28T00:00:00Z
24,scatter_gather,True,338080,19147,3131,TRANSFER,2961.81,2017-10-01T00:00:00Z
59,gather_scatter,True,341236,16309,5269,TRANSFER,2502.89,2017-10-04T00:00:00Z
24,scatter_gather,True,341746,19147,1550,TRANSFER,2961.81,2017-10-04T00:00:00Z
9,cycle,True,343527,19844,8342,TRANSFER,2798.73,2017-10-06T00:00:00Z
59,gather_scatter,True,344436,16309,8080,TRANSFER,2502.89,2017-10-06T00:00:00Z
24,scatter_gather,True,345480,3131,2984,TRANSFER,2665.62,2017-10-07T00:00:00Z
24,scatter_gather,True,345966,9134,2984,TRANSFER,2665.62,2017-10-08T00:00:00Z
76,gather_scatter,True,345980,2775,6961,TRANSFER,2530.52,2017-10-08T00:00:00Z
76,gather_scatter,True,347986,2775,9149,TRANSFER,2530.52,2017-10-09T00:00:00Z
59,gather_scatter,True,348294,16309,7624,TRANSFER,2502.89,2017-10-10T00:00:00Z
59,gather_scatter,True,348295,16309,8587,TRANSFER,2502.89,2017-10-10T00:00:00Z
76,gather_scatter,True,350028,2775,6450,TRANSFER,2530.52,2017-10-11T00:00:00Z
9,cycle,True,350643,8342,7157,TRANSFER,2518.86,2017-10-11T00:00:00Z
59,gather_scatter,True,353136,16309,7031,TRANSFER,2502.89,2017-10-13T00:00:00Z
24,scatter_gather,True,353706,1550,2984,TRANSFER,2665.62,2017-10-14T00:00:00Z
89,gather_scatter,True,353824,7767,647,TRANSFER,2732.31,2017-10-14T00:00:00Z
32,scatter_gather,True,354493,5226,11572,TRANSFER,2956.72,2017-10-14T00:00:00Z
32,scatter_gather,True,354962,5226,19302,TRANSFER,2956.72,2017-10-15T00:00:00Z
32,scatter_gather,True,354963,5226,19176,TRANSFER,2956.72,2017-10-15T00:00:00Z
24,scatter_gather,True,355615,2604,2984,TRANSFER,2665.62,2017-10-15T00:00:00Z
16,cycle,True,355772,11742,6656,TRANSFER,2788.01,2017-10-16T00:00:00Z
24,scatter_gather,True,355937,841,2984,TRANSFER,2665.62,2017-10-16T00:00:00Z
51,gather_scatter,True,356845,3568,11341,TRANSFER,2996.94,2017-10-16T00:00:00Z
9,cycle,True,356865,7157,828,TRANSFER,2266.97,2017-10-16T00:00:00Z
32,scatter_gather,True,357287,5226,19376,TRANSFER,2956.72,2017-10-17T00:00:00Z
32,scatter_gather,True,357288,5226,1949,TRANSFER,2956.72,2017-10-17T00:00:00Z
89,gather_scatter,True,359602,7427,647,TRANSFER,2732.31,2017-10-19T00:00:00Z
89,gather_scatter,True,359603,7273,647,TRANSFER,2732.31,2017-10-19T00:00:00Z
51,gather_scatter,True,359848,3167,11341,TRANSFER,2996.94,2017-10-19T00:00:00Z
16,cycle,True,361940,6656,6807,TRANSFER,2509.2,2017-10-21T00:00:00Z
9,cycle,True,362681,828,2129,TRANSFER,2040.28,2017-10-21T00:00:00Z
51,gather_scatter,True,366114,1344,11341,TRANSFER,2996.94,2017-10-24T00:00:00Z
32,scatter_gather,True,366401,5226,16931,TRANSFER,2956.72,2017-10-24T00:00:00Z
89,gather_scatter,True,368219,647,18554,TRANSFER,2459.07,2017-10-26T00:00:00Z
89,gather_scatter,True,368220,647,15709,TRANSFER,2459.07,2017-10-26T00:00:00Z
16,cycle,True,368335,6807,1144,TRANSFER,2258.28,2017-10-26T00:00:00Z
41,scatter_gather,True,368812,12865,220,TRANSFER,2797.75,2017-10-26T00:00:00Z
32,scatter_gather,True,370039,19302,13073,TRANSFER,2661.05,2017-10-27T00:00:00Z
41,scatter_gather,True,371140,12865,3036,TRANSFER,2797.75,2017-10-28T00:00:00Z
41,scatter_gather,True,373293,12865,4289,TRANSFER,2797.75,2017-10-30T00:00:00Z
32,scatter_gather,True,373598,19176,13073,TRANSFER,2661.05,2017-10-30T00:00:00Z
16,cycle,True,374602,1144,637,TRANSFER,2032.45,2017-10-31T00:00:00Z
32,scatter_gather,True,374628,1949,13073,TRANSFER,2661.05,2017-10-31T00:00:00Z
9,cycle,True,375039,2129,19844,TRANSFER,1836.25,2017-10-31T00:00:00Z
51,gather_scatter,True,375634,11341,4681,TRANSFER,2697.25,2017-11-01T00:00:00Z
32,scatter_gather,True,377827,19376,13073,TRANSFER,2661.05,2017-11-02T00:00:00Z
89,gather_scatter,True,378741,647,18930,TRANSFER,2459.07,2017-11-03T00:00:00Z
32,scatter_gather,True,378776,16931,13073,TRANSFER,2661.05,2017-11-03T00:00:00Z
41,scatter_gather,True,379001,12865,1683,TRANSFER,2797.75,2017-11-03T00:00:00Z
41,scatter_gather,True,379179,12865,92,TRANSFER,2797.75,2017-11-04T00:00:00Z
32,scatter_gather,True,383861,11572,13073,TRANSFER,2661.05,2017-11-07T00:00:00Z
41,scatter_gather,True,385554,92,3781,TRANSFER,2517.97,2017-11-09T00:00:00Z
51,gather_scatter,True,386026,11341,6425,TRANSFER,2697.25,2017-11-09T00:00:00Z
41,scatter_gather,True,387810,1683,3781,TRANSFER,2517.97,2017-11-11T00:00:00Z
11,cycle,True,389023,11153,9576,TRANSFER,2974.61,2017-11-12T00:00:00Z
51,gather_scatter,True,389692,11341,8613,TRANSFER,2697.25,2017-11-12T00:00:00Z
41,scatter_gather,True,391529,3036,3781,TRANSFER,2517.97,2017-11-14T00:00:00Z
16,cycle,True,392029,637,11742,TRANSFER,1829.21,2017-11-14T00:00:00Z
50,gather_scatter,True,392602,612,5641,TRANSFER,2700.8,2017-11-14T00:00:00Z
41,scatter_gather,True,393801,4289,3781,TRANSFER,2517.97,2017-11-15T00:00:00Z
41,scatter_gather,True,394202,220,3781,TRANSFER,2517.97,2017-11-16T00:00:00Z
11,cycle,True,394294,9576,3915,TRANSFER,2677.14,2017-11-16T00:00:00Z
1,cycle,True,394555,11291,8954,TRANSFER,2990.28,2017-11-16T00:00:00Z
1,cycle,True,398784,8954,973,TRANSFER,2691.25,2017-11-19T00:00:00Z
1,cycle,True,401885,973,2377,TRANSFER,2422.12,2017-11-22T00:00:00Z
50,gather_scatter,True,402798,2093,5641,TRANSFER,2700.8,2017-11-22T00:00:00Z
11,cycle,True,404831,3915,11153,TRANSFER,2409.43,2017-11-24T00:00:00Z
50,gather_scatter,True,405425,1020,5641,TRANSFER,2700.8,2017-11-25T00:00:00Z
1,cycle,True,410778,2377,11291,TRANSFER,2179.91,2017-11-29T00:00:00Z
50,gather_scatter,True,411427,5641,15611,TRANSFER,2430.71,2017-11-30T00:00:00Z
40,scatter_gather,True,422392,831,18059,TRANSFER,2966.88,2017-12-09T00:00:00Z
28,scatter_gather,True,425693,962,6845,TRANSFER,2852.42,2017-12-12T00:00:00Z
28,scatter_gather,True,425694,962,4497,TRANSFER,2852.42,2017-12-12T00:00:00Z
28,scatter_gather,True,425695,962,5913,TRANSFER,2852.42,2017-12-12T00:00:00Z
50,gather_scatter,True,425877,5641,12392,TRANSFER,2430.71,2017-12-12T00:00:00Z
50,gather_scatter,True,426702,5641,15654,TRANSFER,2430.71,2017-12-13T00:00:00Z
40,scatter_gather,True,427566,831,6388,TRANSFER,2966.88,2017-12-13T00:00:00Z
28,scatter_gather,True,427573,962,8961,TRANSFER,2852.42,2017-12-13T00:00:00Z
28,scatter_gather,True,427574,962,7622,TRANSFER,2852.42,2017-12-13T00:00:00Z
28,scatter_gather,True,427575,962,5961,TRANSFER,2852.42,2017-12-13T00:00:00Z
40,scatter_gather,True,428441,831,12589,TRANSFER,2966.88,2017-12-14T00:00:00Z
40,scatter_gather,True,428442,831,12681,TRANSFER,2966.88,2017-12-14T00:00:00Z
28,scatter_gather,True,430840,962,16228,TRANSFER,2852.42,2017-12-16T00:00:00Z
75,gather_scatter,True,435224,5732,15281,TRANSFER,2753.68,2017-12-20T00:00:00Z
75,gather_scatter,True,435225,9439,15281,TRANSFER,2753.68,2017-12-20T00:00:00Z
75,gather_scatter,True,435226,7159,15281,TRANSFER,2753.68,2017-12-20T00:00:00Z
7,cycle,True,435486,15471,8317,TRANSFER,2876.39,2017-12-20T00:00:00Z
28,scatter_gather,True,435819,8961,8267,TRANSFER,2567.18,2017-12-20T00:00:00Z
28,scatter_gather,True,435820,4497,8267,TRANSFER,2567.18,2017-12-20T00:00:00Z
28,scatter_gather,True,435821,7622,8267,TRANSFER,2567.18,2017-12-20T00:00:00Z
75,gather_scatter,True,437344,9366,15281,TRANSFER,2753.68,2017-12-21T00:00:00Z
28,scatter_gather,True,437897,5961,8267,TRANSFER,2567.18,2017-12-22T00:00:00Z
28,scatter_gather,True,437898,16228,8267,TRANSFER,2567.18,2017-12-22T00:00:00Z
7,cycle,True,439400,8317,4376,TRANSFER,2588.76,2017-12-23T00:00:00Z
58,gather_scatter,True,439652,9117,11562,TRANSFER,2745.06,2017-12-23T00:00:00Z
58,gather_scatter,True,439653,6620,11562,TRANSFER,2745.06,2017-12-23T00:00:00Z
28,scatter_gather,True,440062,5913,8267,TRANSFER,2567.18,2017-12-23T00:00:00Z
58,gather_scatter,True,441416,9552,11562,TRANSFER,2745.06,2017-12-24T00:00:00Z
28,scatter_gather,True,441635,6845,8267,TRANSFER,2567.18,2017-12-24T00:00:00Z
75,gather_scatter,True,442106,15281,3834,TRANSFER,2478.32,2017-12-25T00:00:00Z
75,gather_scatter,True,442107,15281,3727,TRANSFER,2478.32,2017-12-25T00:00:00Z
58,gather_scatter,True,443065,5749,11562,TRANSFER,2745.06,2017-12-26T00:00:00Z
40,scatter_gather,True,443722,12589,11609,TRANSFER,2670.2,2017-12-26T00:00:00Z
7,cycle,True,443797,4376,1618,TRANSFER,2329.88,2017-12-26T00:00:00Z
40,scatter_gather,True,444568,6388,11609,TRANSFER,2670.2,2017-12-27T00:00:00Z
75,gather_scatter,True,445479,15281,2880,TRANSFER,2478.32,2017-12-27T00:00:00Z
39,scatter_gather,True,446800,3553,13424,TRANSFER,2719.35,2017-12-28T00:00:00Z
7,cycle,True,447400,1618,3471,TRANSFER,2096.89,2017-12-29T00:00:00Z
75,gather_scatter,True,447578,15281,3848,TRANSFER,2478.32,2017-12-29T00:00:00Z
58,gather_scatter,True,447957,5609,11562,TRANSFER,2745.06,2017-12-29T00:00:00Z
39,scatter_gather,True,449752,3553,12328,TRANSFER,2719.35,2017-12-31T00:00:00Z
39,scatter_gather,True,449753,3553,17986,TRANSFER,2719.35,2017-12-31T00:00:00Z
40,scatter_gather,True,449846,12681,11609,TRANSFER,2670.2,2017-12-31T00:00:00Z
39,scatter_gather,True,450941,3553,6171,TRANSFER,2719.35,2018-01-01T00:00:00Z
58,gather_scatter,True,451714,11562,3148,TRANSFER,2470.55,2018-01-01T00:00:00Z
40,scatter_gather,True,453488,18059,11609,TRANSFER,2670.2,2018-01-03T00:00:00Z
91,gather_scatter,True,455581,12843,1162,TRANSFER,2902.89,2018-01-04T00:00:00Z
58,gather_scatter,True,456499,11562,1325,TRANSFER,2470.55,2018-01-05T00:00:00Z
7,cycle,True,456539,3471,15471,TRANSFER,1887.2,2018-01-05T00:00:00Z
39,scatter_gather,True,457274,17986,15855,TRANSFER,2447.41,2018-01-06T00:00:00Z
58,gather_scatter,True,457750,11562,2872,TRANSFER,2470.55,2018-01-06T00:00:00Z
91,gather_scatter,True,459279,12881,1162,TRANSFER,2902.89,2018-01-07T00:00:00Z
31,scatter_gather,True,459327,667,7621,TRANSFER,2700.51,2018-01-08T00:00:00Z
58,gather_scatter,True,459645,11562,1279,TRANSFER,2470.55,2018-01-08T00:00:00Z
39,scatter_gather,True,459668,12328,15855,TRANSFER,2447.41,2018-01-08T00:00:00Z
39,scatter_gather,True,459669,6171,15855,TRANSFER,2447.41,2018-01-08T00:00:00Z
58,gather_scatter,True,460410,11562,190,TRANSFER,2470.55,2018-01-09T00:00:00Z
55,gather_scatter,True,460503,3132,10199,TRANSFER,2955.28,2018-01-09T00:00:00Z
31,scatter_gather,True,460620,667,8628,TRANSFER,2700.51,2018-01-09T00:00:00Z
91,gather_scatter,True,460941,19897,1162,TRANSFER,2902.89,2018-01-09T00:00:00Z
55,gather_scatter,True,461901,2843,10199,TRANSFER,2955.28,2018-01-10T00:00:00Z
31,scatter_gather,True,462479,667,4370,TRANSFER,2700.51,2018-01-10T00:00:00Z
31,scatter_gather,True,463121,667,8494,TRANSFER,2700.51,2018-01-11T00:00:00Z
31,scatter_gather,True,463122,667,5297,TRANSFER,2700.51,2018-01-11T00:00:00Z
55,gather_scatter,True,463486,3997,10199,TRANSFER,2955.28,2018-01-11T00:00:00Z
31,scatter_gather,True,464460,667,13392,TRANSFER,2700.51,2018-01-12T00:00:00Z
39,scatter_gather,True,466201,13424,15855,TRANSFER,2447.41,2018-01-14T00:00:00Z
91,gather_scatter,True,467166,1162,8422,TRANSFER,2612.6,2018-01-14T00:00:00Z
91,gather_scatter,True,467522,1162,7265,TRANSFER,2612.6,2018-01-15T00:00:00Z
55,gather_scatter,True,467941,10199,5008,TRANSFER,2659.75,2018-01-15T00:00:00Z
31,scatter_gather,True,469530,4370,9919,TRANSFER,2430.45,2018-01-16T00:00:00Z
92,gather_scatter,True,469641,5541,2787,TRANSFER,2714.67,2018-01-16T00:00:00Z
55,gather_scatter,True,470212,10199,7628,TRANSFER,2659.75,2018-01-17T00:00:00Z
31,scatter_gather,True,470819,8494,9919,TRANSFER,2430.45,2018-01-17T00:00:00Z
31,scatter_gather,True,470820,5297,9919,TRANSFER,2430.45,2018-01-17T00:00:00Z
31,scatter_gather,True,471964,8628,9919,TRANSFER,2430.45,2018-01-18T00:00:00Z
31,scatter_gather,True,471965,13392,9919,TRANSFER,2430.45,2018-01-18T00:00:00Z
55,gather_scatter,True,472053,10199,5606,TRANSFER,2659.75,2018-01-19T00:00:00Z
92,gather_scatter,True,472856,4036,2787,TRANSFER,2714.67,2018-01-19T00:00:00Z
92,gather_scatter,True,473791,6125,2787,TRANSFER,2714.67,2018-01-20T00:00:00Z
91,gather_scatter,True,476379,1162,9892,TRANSFER,2612.6,2018-01-22T00:00:00Z
31,scatter_gather,True,476885,7621,9919,TRANSFER,2430.45,2018-01-23T00:00:00Z
90,gather_scatter,True,486809,1426,7323,TRANSFER,2905.46,2018-01-31T00:00:00Z
90,gather_scatter,True,486810,28,7323,TRANSFER,2905.46,2018-01-31T00:00:00Z
90,gather_scatter,True,488041,3283,7323,TRANSFER,2905.46,2018-02-01T00:00:00Z
90,gather_scatter,True,490593,362,7323,TRANSFER,2905.46,2018-02-03T00:00:00Z
92,gather_scatter,True,493736,2787,12593,TRANSFER,2443.21,2018-02-05T00:00:00Z
92,gather_scatter,True,498057,2787,19774,TRANSFER,2443.21,2018-02-09T00:00:00Z
92,gather_scatter,True,500202,2787,16579,TRANSFER,2443.21,2018-02-10T00:00:00Z
14,cycle,True,500760,18771,5670,TRANSFER,2762.2,2018-02-11T00:00:00Z
90,gather_scatter,True,500922,7323,18549,TRANSFER,2614.92,2018-02-11T00:00:00Z
90,gather_scatter,True,500923,7323,13430,TRANSFER,2614.92,2018-02-11T00:00:00Z
90,gather_scatter,True,503073,7323,13248,TRANSFER,2614.92,2018-02-13T00:00:00Z
14,cycle,True,507303,5670,2803,TRANSFER,2485.98,2018-02-16T00:00:00Z
65,gather_scatter,True,511531,6181,3738,TRANSFER,2976.07,2018-02-20T00:00:00Z
14,cycle,True,512736,2803,247,TRANSFER,2237.39,2018-02-21T00:00:00Z
90,gather_scatter,True,513013,7323,16451,TRANSFER,2614.92,2018-02-21T00:00:00Z
65,gather_scatter,True,513505,9235,3738,TRANSFER,2976.07,2018-02-21T00:00:00Z
27,scatter_gather,True,514583,10187,4041,TRANSFER,2752.87,2018-02-22T00:00:00Z
4,cycle,True,515598,13943,8922,TRANSFER,2841.62,2018-02-23T00:00:00Z
65,gather_scatter,True,515768,8300,3738,TRANSFER,2976.07,2018-02-23T00:00:00Z
70,gather_scatter,True,516418,2034,6887,TRANSFER,2837.86,2018-02-24T00:00:00Z
78,gather_scatter,True,518028,9271,15926,TRANSFER,2803.39,2018-02-25T00:00:00Z
27,scatter_gather,True,518240,10187,1171,TRANSFER,2752.87,2018-02-25T00:00:00Z
70,gather_scatter,True,518442,3095,6887,TRANSFER,2837.86,2018-02-25T00:00:00Z
65,gather_scatter,True,519038,7357,3738,TRANSFER,2976.07,2018-02-26T00:00:00Z
78,gather_scatter,True,519729,5374,15926,TRANSFER,2803.39,2018-02-26T00:00:00Z
27,scatter_gather,True,521371,10187,8949,TRANSFER,2752.87,2018-02-28T00:00:00Z
27,scatter_gather,True,521372,10187,6413,TRANSFER,2752.87,2018-02-28T00:00:00Z
70,gather_scatter,True,521893,671,6887,TRANSFER,2837.86,2018-02-28T00:00:00Z
22,scatter_gather,True,522877,716,14935,TRANSFER,2704.11,2018-03-01T00:00:00Z
22,scatter_gather,True,522878,716,8302,TRANSFER,2704.11,2018-03-01T00:00:00Z
70,gather_scatter,True,523385,663,6887,TRANSFER,2837.86,2018-03-01T00:00:00Z
65,gather_scatter,True,526236,9037,3738,TRANSFER,2976.07,2018-03-03T00:00:00Z
27,scatter_gather,True,526955,6413,9754,TRANSFER,2477.59,2018-03-04T00:00:00Z
27,scatter_gather,True,526956,1171,9754,TRANSFER,2477.59,2018-03-04T00:00:00Z
78,gather_scatter,True,527216,8233,15926,TRANSFER,2803.39,2018-03-04T00:00:00Z
4,cycle,True,527388,8922,2761,TRANSFER,2557.46,2018-03-04T00:00:00Z
14,cycle,True,527599,247,18771,TRANSFER,2013.65,2018-03-04T00:00:00Z
65,gather_scatter,True,530071,3738,11998,TRANSFER,2678.46,2018-03-07T00:00:00Z
70,gather_scatter,True,530225,6887,16464,TRANSFER,2554.07,2018-03-07T00:00:00Z
27,scatter_gather,True,531075,8949,9754,TRANSFER,2477.59,2018-03-07T00:00:00Z
78,gather_scatter,True,532299,5900,15926,TRANSFER,2803.39,2018-03-08T00:00:00Z
70,gather_scatter,True,533227,6887,13697,TRANSFER,2554.07,2018-03-09T00:00:00Z
70,gather_scatter,True,533228,6887,16470,TRANSFER,2554.07,2018-03-09T00:00:00Z
22,scatter_gather,True,533461,716,13646,TRANSFER,2704.11,2018-03-09T00:00:00Z
27,scatter_gather,True,535979,4041,9754,TRANSFER,2477.59,2018-03-11T00:00:00Z
78,gather_scatter,True,536556,15926,1404,TRANSFER,2523.05,2018-03-12T00:00:00Z
70,gather_scatter,True,537272,6887,14826,TRANSFER,2554.07,2018-03-13T00:00:00Z
65,gather_scatter,True,538093,3738,10248,TRANSFER,2678.46,2018-03-14T00:00:00Z
22,scatter_gather,True,538647,13646,14558,TRANSFER,2433.69,2018-03-14T00:00:00Z
22,scatter_gather,True,540313,8302,14558,TRANSFER,2433.69,2018-03-15T00:00:00Z
65,gather_scatter,True,541325,3738,14883,TRANSFER,2678.46,2018-03-16T00:00:00Z
78,gather_scatter,True,542244,15926,3062,TRANSFER,2523.05,2018-03-17T00:00:00Z
65,gather_scatter,True,543846,3738,14354,TRANSFER,2678.46,2018-03-19T00:00:00Z
78,gather_scatter,True,545697,15926,668,TRANSFER,2523.05,2018-03-20T00:00:00Z
77,gather_scatter,True,545873,9337,10565,TRANSFER,2834.29,2018-03-20T00:00:00Z
22,scatter_gather,True,546157,14935,14558,TRANSFER,2433.69,2018-03-21T00:00:00Z
65,gather_scatter,True,546681,3738,11318,TRANSFER,2678.46,2018-03-21T00:00:00Z
78,gather_scatter,True,547087,15926,326,TRANSFER,2523.05,2018-03-21T00:00:00Z
77,gather_scatter,True,547191,4258,10565,TRANSFER,2834.29,2018-03-21T00:00:00Z
4,cycle,True,549188,2761,13943,TRANSFER,2301.72,2018-03-23T00:00:00Z
77,gather_scatter,True,549204,4709,10565,TRANSFER,2834.29,2018-03-23T00:00:00Z
77,gather_scatter,True,552335,5350,10565,TRANSFER,2834.29,2018-03-26T00:00:00Z
77,gather_scatter,True,557747,10565,2225,TRANSFER,2550.86,2018-03-30T00:00:00Z
26,scatter_gather,True,557796,12422,963,TRANSFER,2959.34,2018-03-30T00:00:00Z
26,scatter_gather,True,559057,12422,4207,TRANSFER,2959.34,2018-03-31T00:00:00Z
77,gather_scatter,True,559885,10565,3497,TRANSFER,2550.86,2018-04-01T00:00:00Z
26,scatter_gather,True,560576,12422,2617,TRANSFER,2959.34,2018-04-01T00:00:00Z
77,gather_scatter,True,561235,10565,2571,TRANSFER,2550.86,2018-04-02T00:00:00Z
77,gather_scatter,True,563383,10565,3203,TRANSFER,2550.86,2018-04-04T00:00:00Z
69,gather_scatter,True,570042,3063,17068,TRANSFER,2754.87,2018-04-09T00:00:00Z
69,gather_scatter,True,572984,3667,17068,TRANSFER,2754.87,2018-04-11T00:00:00Z
69,gather_scatter,True,578938,3298,17068,TRANSFER,2754.87,2018-04-15T00:00:00Z
26,scatter_gather,True,580333,2617,3851,TRANSFER,2663.4,2018-04-17T00:00:00Z
26,scatter_gather,True,580334,4207,3851,TRANSFER,2663.4,2018-04-17T00:00:00Z
69,gather_scatter,True,585177,17068,5695,TRANSFER,2479.39,2018-04-20T00:00:00Z
26,scatter_gather,True,586483,963,3851,TRANSFER,2663.4,2018-04-21T00:00:00Z
69,gather_scatter,True,586845,17068,4121,TRANSFER,2479.39,2018-04-22T00:00:00Z
93,gather_scatter,True,590476,17476,98,TRANSFER,2964.75,2018-04-25T00:00:00Z
69,gather_scatter,True,594113,17068,4966,TRANSFER,2479.39,2018-04-28T00:00:00Z
30,scatter_gather,True,595313,4415,11016,TRANSFER,2808.15,2018-04-29T00:00:00Z
93,gather_scatter,True,596623,16665,98,TRANSFER,2964.75,2018-04-30T00:00:00Z
62,gather_scatter,True,596980,11799,3481,TRANSFER,2886.89,2018-04-30T00:00:00Z
62,gather_scatter,True,596981,18607,3481,TRANSFER,2886.89,2018-04-30T00:00:00Z
62,gather_scatter,True,598566,17224,3481,TRANSFER,2886.89,2018-05-01T00:00:00Z
30,scatter_gather,True,598837,4415,3389,TRANSFER,2808.15,2018-05-02T00:00:00Z
62,gather_scatter,True,599317,16281,3481,TRANSFER,2886.89,2018-05-02T00:00:00Z
93,gather_scatter,True,599546,10364,98,TRANSFER,2964.75,2018-05-02T00:00:00Z
30,scatter_gather,True,600223,4415,12285,TRANSFER,2808.15,2018-05-03T00:00:00Z
30,scatter_gather,True,600224,4415,11971,TRANSFER,2808.15,2018-05-03T00:00:00Z
62,gather_scatter,True,604925,18189,3481,TRANSFER,2886.89,2018-05-07T00:00:00Z
95,gather_scatter,True,605136,2706,17149,TRANSFER,2904.96,2018-05-07T00:00:00Z
95,gather_scatter,True,605137,1130,17149,TRANSFER,2904.96,2018-05-07T00:00:00Z
30,scatter_gather,True,605608,4415,10415,TRANSFER,2808.15,2018-05-08T00:00:00Z
30,scatter_gather,True,607901,10415,16632,TRANSFER,2527.34,2018-05-10T00:00:00Z
95,gather_scatter,True,610824,2750,17149,TRANSFER,2904.96,2018-05-12T00:00:00Z
95,gather_scatter,True,611956,2436,17149,TRANSFER,2904.96,2018-05-13T00:00:00Z
93,gather_scatter,True,611975,98,5701,TRANSFER,2668.27,2018-05-13T00:00:00Z
93,gather_scatter,True,611976,98,6319,TRANSFER,2668.27,2018-05-13T00:00:00Z
30,scatter_gather,True,613076,12285,16632,TRANSFER,2527.34,2018-05-14T00:00:00Z
30,scatter_gather,True,613077,11971,16632,TRANSFER,2527.34,2018-05-14T00:00:00Z
95,gather_scatter,True,614833,3318,17149,TRANSFER,2904.96,2018-05-16T00:00:00Z
93,gather_scatter,True,615584,98,5546,TRANSFER,2668.27,2018-05-16T00:00:00Z
30,scatter_gather,True,616628,3389,16632,TRANSFER,2527.34,2018-05-17T00:00:00Z
62,gather_scatter,True,617428,3481,6767,TRANSFER,2598.2,2018-05-18T00:00:00Z
62,gather_scatter,True,618379,3481,7443,TRANSFER,2598.2,2018-05-19T00:00:00Z
62,gather_scatter,True,618380,3481,8479,TRANSFER,2598.2,2018-05-19T00:00:00Z
30,scatter_gather,True,618470,11016,16632,TRANSFER,2527.34,2018-05-19T00:00:00Z
35,scatter_gather,True,621404,6869,13818,TRANSFER,2903.54,2018-05-21T00:00:00Z
95,gather_scatter,True,622235,17149,4677,TRANSFER,2614.47,2018-05-22T00:00:00Z
35,scatter_gather,True,622361,6869,19005,TRANSFER,2903.54,2018-05-22T00:00:00Z
35,scatter_gather,True,622362,6869,14912,TRANSFER,2903.54,2018-05-22T00:00:00Z
35,scatter_gather,True,622363,6869,18959,TRANSFER,2903.54,2018-05-22T00:00:00Z
37,scatter_gather,True,623393,6642,13692,TRANSFER,2702.31,2018-05-23T00:00:00Z
37,scatter_gather,True,623394,6642,10045,TRANSFER,2702.31,2018-05-23T00:00:00Z
37,scatter_gather,True,623395,6642,15848,TRANSFER,2702.31,2018-05-23T00:00:00Z
62,gather_scatter,True,623426,3481,7885,TRANSFER,2598.2,2018-05-23T00:00:00Z
95,gather_scatter,True,624987,17149,5589,TRANSFER,2614.47,2018-05-24T00:00:00Z
35,scatter_gather,True,626778,6869,19584,TRANSFER,2903.54,2018-05-25T00:00:00Z
37,scatter_gather,True,626914,6642,16991,TRANSFER,2702.31,2018-05-25T00:00:00Z
37,scatter_gather,True,626915,6642,17260,TRANSFER,2702.31,2018-05-25T00:00:00Z
37,scatter_gather,True,626916,6642,13166,TRANSFER,2702.31,2018-05-25T00:00:00Z
62,gather_scatter,True,626961,3481,8561,TRANSFER,2598.2,2018-05-25T00:00:00Z
37,scatter_gather,True,628026,6642,2688,TRANSFER,2702.31,2018-05-26T00:00:00Z
35,scatter_gather,True,628174,6869,15598,TRANSFER,2903.54,2018-05-26T00:00:00Z
37,scatter_gather,True,628376,6642,14566,TRANSFER,2702.31,2018-05-27T00:00:00Z
44,scatter_gather,True,630261,3268,15883,TRANSFER,2838.21,2018-05-28T00:00:00Z
44,scatter_gather,True,630262,3268,10210,TRANSFER,2838.21,2018-05-28T00:00:00Z
35,scatter_gather,True,630305,6869,15450,TRANSFER,2903.54,2018-05-28T00:00:00Z
35,scatter_gather,True,630306,6869,3730,TRANSFER,2903.54,2018-05-28T00:00:00Z
84,gather_scatter,True,631391,18124,9806,TRANSFER,2704.81,2018-05-29T00:00:00Z
37,scatter_gather,True,631813,15848,11875,TRANSFER,2432.08,2018-05-29T00:00:00Z
35,scatter_gather,True,633105,19005,13873,TRANSFER,2613.18,2018-05-30T00:00:00Z
35,scatter_gather,True,633106,3730,13873,TRANSFER,2613.18,2018-05-30T00:00:00Z
37,scatter_gather,True,633298,10045,11875,TRANSFER,2432.08,2018-05-30T00:00:00Z
84,gather_scatter,True,634109,14516,9806,TRANSFER,2704.81,2018-05-31T00:00:00Z
84,gather_scatter,True,634110,15339,9806,TRANSFER,2704.81,2018-05-31T00:00:00Z
37,scatter_gather,True,634119,14566,11875,TRANSFER,2432.08,2018-05-31T00:00:00Z
95,gather_scatter,True,634834,17149,8933,TRANSFER,2614.47,2018-05-31T00:00:00Z
37,scatter_gather,True,635179,16991,11875,TRANSFER,2432.08,2018-06-01T00:00:00Z
84,gather_scatter,True,635408,12275,9806,TRANSFER,2704.81,2018-06-01T00:00:00Z
37,scatter_gather,True,636503,17260,11875,TRANSFER,2432.08,2018-06-02T00:00:00Z
37,scatter_gather,True,636504,13166,11875,TRANSFER,2432.08,2018-06-02T00:00:00Z
37,scatter_gather,True,636505,2688,11875,TRANSFER,2432.08,2018-06-02T00:00:00Z
35,scatter_gather,True,636790,14912,13873,TRANSFER,2613.18,2018-06-02T00:00:00Z
35,scatter_gather,True,638241,15450,13873,TRANSFER,2613.18,2018-06-03T00:00:00Z
35,scatter_gather,True,638242,15598,13873,TRANSFER,2613.18,2018-06-03T00:00:00Z
37,scatter_gather,True,638403,13692,11875,TRANSFER,2432.08,2018-06-03T00:00:00Z
44,scatter_gather,True,638457,3268,12688,TRANSFER,2838.21,2018-06-03T00:00:00Z
35,scatter_gather,True,638813,18959,13873,TRANSFER,2613.18,2018-06-04T00:00:00Z
44,scatter_gather,True,639379,3268,14427,TRANSFER,2838.21,2018-06-04T00:00:00Z
44,scatter_gather,True,639380,3268,19359,TRANSFER,2838.21,2018-06-04T00:00:00Z
95,gather_scatter,True,639941,17149,9782,TRANSFER,2614.47,2018-06-04T00:00:00Z
95,gather_scatter,True,640288,17149,6363,TRANSFER,2614.47,2018-06-05T00:00:00Z
35,scatter_gather,True,640418,19584,13873,TRANSFER,2613.18,2018-06-05T00:00:00Z
44,scatter_gather,True,640709,3268,5166,TRANSFER,2838.21,2018-06-05T00:00:00Z
35,scatter_gather,True,641434,13818,13873,TRANSFER,2613.18,2018-06-06T00:00:00Z
84,gather_scatter,True,641928,9806,786,TRANSFER,2434.32,2018-06-06T00:00:00Z
44,scatter_gather,True,644657,5166,16582,TRANSFER,2554.39,2018-06-08T00:00:00Z
44,scatter_gather,True,645564,10210,16582,TRANSFER,2554.39,2018-06-09T00:00:00Z
44,scatter_gather,True,645565,19359,16582,TRANSFER,2554.39,2018-06-09T00:00:00Z
84,gather_scatter,True,646727,9806,2087,TRANSFER,2434.32,2018-06-10T00:00:00Z
84,gather_scatter,True,646728,9806,3058,TRANSFER,2434.32,2018-06-10T00:00:00Z
47,scatter_gather,True,648542,19297,3814,TRANSFER,2816.46,2018-06-11T00:00:00Z
44,scatter_gather,True,649089,12688,16582,TRANSFER,2554.39,2018-06-12T00:00:00Z
84,gather_scatter,True,650525,9806,1517,TRANSFER,2434.32,2018-06-13T00:00:00Z
44,scatter_gather,True,650619,14427,16582,TRANSFER,2554.39,2018-06-13T00:00:00Z
47,scatter_gather,True,652403,19297,732,TRANSFER,2816.46,2018-06-14T00:00:00Z
44,scatter_gather,True,652815,15883,16582,TRANSFER,2554.39,2018-06-15T00:00:00Z
47,scatter_gather,True,652993,19297,2375,TRANSFER,2816.46,2018-06-15T00:00:00Z
47,scatter_gather,True,652994,19297,2574,TRANSFER,2816.46,2018-06-15T00:00:00Z
96,gather_scatter,True,656519,16660,1395,TRANSFER,2942.9,2018-06-17T00:00:00Z
47,scatter_gather,True,657401,19297,1490,TRANSFER,2816.46,2018-06-18T00:00:00Z
47,scatter_gather,True,658027,19297,1898,TRANSFER,2816.46,2018-06-19T00:00:00Z
47,scatter_gather,True,658028,19297,5118,TRANSFER,2816.46,2018-06-19T00:00:00Z
47,scatter_gather,True,659529,19297,1933,TRANSFER,2816.46,2018-06-20T00:00:00Z
86,gather_scatter,True,660130,506,17364,TRANSFER,2792.16,2018-06-21T00:00:00Z
96,gather_scatter,True,660323,18653,1395,TRANSFER,2942.9,2018-06-21T00:00:00Z
47,scatter_gather,True,661478,1490,360,TRANSFER,2534.82,2018-06-22T00:00:00Z
47,scatter_gather,True,661479,732,360,TRANSFER,2534.82,2018-06-22T00:00:00Z
47,scatter_gather,True,662498,2375,360,TRANSFER,2534.82,2018-06-23T00:00:00Z
47,scatter_gather,True,662499,2574,360,TRANSFER,2534.82,2018-06-23T00:00:00Z
96,gather_scatter,True,662528,17150,1395,TRANSFER,2942.9,2018-06-23T00:00:00Z
96,gather_scatter,True,664134,18710,1395,TRANSFER,2942.9,2018-06-24T00:00:00Z
96,gather_scatter,True,667287,1395,4875,TRANSFER,2648.61,2018-06-27T00:00:00Z
47,scatter_gather,True,667740,1933,360,TRANSFER,2534.82,2018-06-27T00:00:00Z
47,scatter_gather,True,667741,5118,360,TRANSFER,2534.82,2018-06-27T00:00:00Z
47,scatter_gather,True,668574,1898,360,TRANSFER,2534.82,2018-06-28T00:00:00Z
96,gather_scatter,True,669451,1395,7143,TRANSFER,2648.61,2018-06-28T00:00:00Z
86,gather_scatter,True,671102,1118,17364,TRANSFER,2792.16,2018-06-30T00:00:00Z
86,gather_scatter,True,671103,684,17364,TRANSFER,2792.16,2018-06-30T00:00:00Z
82,gather_scatter,True,671267,1362,13511,TRANSFER,2881.37,2018-06-30T00:00:00Z
96,gather_scatter,True,672244,1395,5506,TRANSFER,2648.61,2018-07-01T00:00:00Z
47,scatter_gather,True,673293,3814,360,TRANSFER,2534.82,2018-07-01T00:00:00Z
82,gather_scatter,True,675251,707,13511,TRANSFER,2881.37,2018-07-03T00:00:00Z
86,gather_scatter,True,675434,3507,17364,TRANSFER,2792.16,2018-07-03T00:00:00Z
96,gather_scatter,True,675637,1395,8508,TRANSFER,2648.61,2018-07-03T00:00:00Z
82,gather_scatter,True,677653,1681,13511,TRANSFER,2881.37,2018-07-05T00:00:00Z
86,gather_scatter,True,679515,17364,6069,TRANSFER,2512.95,2018-07-07T00:00:00Z
82,gather_scatter,True,685993,13511,6935,TRANSFER,2593.24,2018-07-13T00:00:00Z
86,gather_scatter,True,686866,17364,6963,TRANSFER,2512.95,2018-07-13T00:00:00Z
53,gather_scatter,True,687506,19864,2960,TRANSFER,2770.93,2018-07-14T00:00:00Z
53,gather_scatter,True,687507,15789,2960,TRANSFER,2770.93,2018-07-14T00:00:00Z
82,gather_scatter,True,688868,13511,9512,TRANSFER,2593.24,2018-07-15T00:00:00Z
53,gather_scatter,True,688904,17976,2960,TRANSFER,2770.93,2018-07-15T00:00:00Z
53,gather_scatter,True,688905,10125,2960,TRANSFER,2770.93,2018-07-15T00:00:00Z
53,gather_scatter,True,689412,15744,2960,TRANSFER,2770.93,2018-07-16T00:00:00Z
86,gather_scatter,True,691756,17364,7507,TRANSFER,2512.95,2018-07-17T00:00:00Z
86,gather_scatter,True,692901,17364,4071,TRANSFER,2512.95,2018-07-18T00:00:00Z
53,gather_scatter,True,693670,2960,4210,TRANSFER,2493.84,2018-07-19T00:00:00Z
53,gather_scatter,True,694793,2960,9417,TRANSFER,2493.84,2018-07-20T00:00:00Z
82,gather_scatter,True,695358,13511,4506,TRANSFER,2593.24,2018-07-20T00:00:00Z
53,gather_scatter,True,695815,2960,7729,TRANSFER,2493.84,2018-07-21T00:00:00Z
53,gather_scatter,True,697025,2960,4495,TRANSFER,2493.84,2018-07-22T00:00:00Z
98,gather_scatter,True,697782,8077,1446,TRANSFER,2872.35,2018-07-22T00:00:00Z
53,gather_scatter,True,698901,2960,8430,TRANSFER,2493.84,2018-07-23T00:00:00Z
98,gather_scatter,True,703918,9390,1446,TRANSFER,2872.35,2018-07-27T00:00:00Z
98,gather_scatter,True,710829,8926,1446,TRANSFER,2872.35,2018-08-01T00:00:00Z
67,gather_scatter,True,712033,16257,6443,TRANSFER,2946.2,2018-08-02T00:00:00Z
67,gather_scatter,True,715754,12045,6443,TRANSFER,2946.2,2018-08-05T00:00:00Z
98,gather_scatter,True,716885,1446,19538,TRANSFER,2585.11,2018-08-06T00:00:00Z
25,scatter_gather,True,718930,2324,4777,TRANSFER,2799.56,2018-08-08T00:00:00Z
67,gather_scatter,True,719196,18903,6443,TRANSFER,2946.2,2018-08-08T00:00:00Z
25,scatter_gather,True,720301,2324,12361,TRANSFER,2799.56,2018-08-09T00:00:00Z
25,scatter_gather,True,721669,2324,5418,TRANSFER,2799.56,2018-08-10T00:00:00Z
98,gather_scatter,True,721769,1446,10719,TRANSFER,2585.11,2018-08-11T00:00:00Z
25,scatter_gather,True,721784,2324,9500,TRANSFER,2799.56,2018-08-11T00:00:00Z
8,cycle,True,721874,18339,7076,TRANSFER,2878.27,2018-08-11T00:00:00Z
94,gather_scatter,True,721893,15706,972,TRANSFER,2856.19,2018-08-11T00:00:00Z
98,gather_scatter,True,725433,1446,14152,TRANSFER,2585.11,2018-08-13T00:00:00Z
94,gather_scatter,True,727439,17210,972,TRANSFER,2856.19,2018-08-15T00:00:00Z
94,gather_scatter,True,728923,17603,972,TRANSFER,2856.19,2018-08-16T00:00:00Z
25,scatter_gather,True,729573,12361,7043,TRANSFER,2519.6,2018-08-17T00:00:00Z
94,gather_scatter,True,730854,11882,972,TRANSFER,2856.19,2018-08-17T00:00:00Z
25,scatter_gather,True,731309,9500,7043,TRANSFER,2519.6,2018-08-18T00:00:00Z
8,cycle,True,731423,7076,2804,TRANSFER,2590.44,2018-08-18T00:00:00Z
61,gather_scatter,True,732152,9222,290,TRANSFER,2701.58,2018-08-18T00:00:00Z
25,scatter_gather,True,732903,5418,7043,TRANSFER,2519.6,2018-08-19T00:00:00Z
61,gather_scatter,True,733069,8110,290,TRANSFER,2701.58,2018-08-19T00:00:00Z
67,gather_scatter,True,733800,6443,3639,TRANSFER,2651.58,2018-08-20T00:00:00Z
94,gather_scatter,True,735484,972,4169,TRANSFER,2570.58,2018-08-21T00:00:00Z
94,gather_scatter,True,736948,972,5552,TRANSFER,2570.58,2018-08-22T00:00:00Z
87,gather_scatter,True,737119,6621,15580,TRANSFER,2872.57,2018-08-22T00:00:00Z
87,gather_scatter,True,737901,8902,15580,TRANSFER,2872.57,2018-08-23T00:00:00Z
67,gather_scatter,True,738130,6443,833,TRANSFER,2651.58,2018-08-23T00:00:00Z
25,scatter_gather,True,739338,4777,7043,TRANSFER,2519.6,2018-08-24T00:00:00Z
61,gather_scatter,True,739636,7490,290,TRANSFER,2701.58,2018-08-24T00:00:00Z
61,gather_scatter,True,739637,9217,290,TRANSFER,2701.58,2018-08-24T00:00:00Z
94,gather_scatter,True,740127,972,6247,TRANSFER,2570.58,2018-08-24T00:00:00Z
87,gather_scatter,True,740919,6942,15580,TRANSFER,2872.57,2018-08-25T00:00:00Z
8,cycle,True,741251,2804,3238,TRANSFER,2331.39,2018-08-25T00:00:00Z
94,gather_scatter,True,742820,972,5448,TRANSFER,2570.58,2018-08-27T00:00:00Z
19,cycle,True,743298,14476,8799,TRANSFER,2811.21,2018-08-27T00:00:00Z
48,scatter_gather,True,743680,2764,17912,TRANSFER,2815.68,2018-08-27T00:00:00Z
48,scatter_gather,True,744149,2764,15377,TRANSFER,2815.68,2018-08-28T00:00:00Z
48,scatter_gather,True,744150,2764,10320,TRANSFER,2815.68,2018-08-28T00:00:00Z
61,gather_scatter,True,745343,5154,290,TRANSFER,2701.58,2018-08-29T00:00:00Z
48,scatter_gather,True,745546,2764,18239,TRANSFER,2815.68,2018-08-29T00:00:00Z
48,scatter_gather,True,745547,2764,14931,TRANSFER,2815.68,2018-08-29T00:00:00Z
87,gather_scatter,True,745641,9701,15580,TRANSFER,2872.57,2018-08-29T00:00:00Z
48,scatter_gather,True,746507,2764,6818,TRANSFER,2815.68,2018-08-30T00:00:00Z
67,gather_scatter,True,747440,6443,3016,TRANSFER,2651.58,2018-08-30T00:00:00Z
87,gather_scatter,True,747930,5831,15580,TRANSFER,2872.57,2018-08-31T00:00:00Z
48,scatter_gather,True,748323,2764,17708,TRANSFER,2815.68,2018-08-31T00:00:00Z
2,cycle,True,750061,16845,7016,TRANSFER,2939.83,2018-09-01T00:00:00Z
61,gather_scatter,True,750814,290,12101,TRANSFER,2431.42,2018-09-02T00:00:00Z
2,cycle,True,754002,7016,9699,TRANSFER,2645.84,2018-09-05T00:00:00Z
19,cycle,True,754139,8799,3602,TRANSFER,2530.09,2018-09-05T00:00:00Z
48,scatter_gather,True,754684,10320,15122,TRANSFER,2534.12,2018-09-06T00:00:00Z
87,gather_scatter,True,755858,15580,2381,TRANSFER,2585.31,2018-09-07T00:00:00Z
48,scatter_gather,True,756013,14931,15122,TRANSFER,2534.12,2018-09-07T00:00:00Z
61,gather_scatter,True,756262,290,11552,TRANSFER,2431.42,2018-09-07T00:00:00Z
21,scatter_gather,True,756530,6765,2243,TRANSFER,2819.66,2018-09-07T00:00:00Z
8,cycle,True,757156,3238,18339,TRANSFER,2098.26,2018-09-08T00:00:00Z
21,scatter_gather,True,757215,6765,1176,TRANSFER,2819.66,2018-09-08T00:00:00Z
2,cycle,True,757983,9699,3869,TRANSFER,2381.26,2018-09-09T00:00:00Z
21,scatter_gather,True,758145,6765,2468,TRANSFER,2819.66,2018-09-09T00:00:00Z
61,gather_scatter,True,758930,290,19930,TRANSFER,2431.42,2018-09-09T00:00:00Z
48,scatter_gather,True,759163,15377,15122,TRANSFER,2534.12,2018-09-10T00:00:00Z
21,scatter_gather,True,759355,6765,3689,TRANSFER,2819.66,2018-09-10T00:00:00Z
87,gather_scatter,True,759858,15580,2911,TRANSFER,2585.31,2018-09-10T00:00:00Z
87,gather_scatter,True,759859,15580,3463,TRANSFER,2585.31,2018-09-10T00:00:00Z
21,scatter_gather,True,761040,6765,1056,TRANSFER,2819.66,2018-09-11T00:00:00Z
21,scatter_gather,True,761041,6765,301,TRANSFER,2819.66,2018-09-11T00:00:00Z
21,scatter_gather,True,761042,6765,3928,TRANSFER,2819.66,2018-09-11T00:00:00Z
21,scatter_gather,True,761043,6765,10204,TRANSFER,2819.66,2018-09-11T00:00:00Z
48,scatter_gather,True,762167,17708,15122,TRANSFER,2534.12,2018-09-12T00:00:00Z
48,scatter_gather,True,762168,18239,15122,TRANSFER,2534.12,2018-09-12T00:00:00Z
3,cycle,True,762926,18952,13635,TRANSFER,2743.06,2018-09-13T00:00:00Z
21,scatter_gather,True,763266,3689,1262,TRANSFER,2537.7,2018-09-13T00:00:00Z
21,scatter_gather,True,763267,1056,1262,TRANSFER,2537.7,2018-09-13T00:00:00Z
21,scatter_gather,True,763268,1176,1262,TRANSFER,2537.7,2018-09-13T00:00:00Z
2,cycle,True,763661,3869,284,TRANSFER,2143.13,2018-09-13T00:00:00Z
21,scatter_gather,True,764229,3928,1262,TRANSFER,2537.7,2018-09-14T00:00:00Z
23,scatter_gather,True,764568,5027,54,TRANSFER,2855.42,2018-09-14T00:00:00Z
23,scatter_gather,True,764569,5027,19768,TRANSFER,2855.42,2018-09-14T00:00:00Z
61,gather_scatter,True,764819,290,11046,TRANSFER,2431.42,2018-09-14T00:00:00Z
3,cycle,True,764829,13635,7066,TRANSFER,2468.75,2018-09-14T00:00:00Z
87,gather_scatter,True,765047,15580,3408,TRANSFER,2585.31,2018-09-14T00:00:00Z
48,scatter_gather,True,765163,6818,15122,TRANSFER,2534.12,2018-09-14T00:00:00Z
48,scatter_gather,True,765608,17912,15122,TRANSFER,2534.12,2018-09-15T00:00:00Z
3,cycle,True,765834,7066,9995,TRANSFER,2221.87,2018-09-15T00:00:00Z
21,scatter_gather,True,766025,301,1262,TRANSFER,2537.7,2018-09-15T00:00:00Z
21,scatter_gather,True,766026,2468,1262,TRANSFER,2537.7,2018-09-15T00:00:00Z
21,scatter_gather,True,766027,10204,1262,TRANSFER,2537.7,2018-09-15T00:00:00Z
3,cycle,True,766820,9995,2550,TRANSFER,1999.69,2018-09-16T00:00:00Z
61,gather_scatter,True,766986,290,19228,TRANSFER,2431.42,2018-09-16T00:00:00Z
21,scatter_gather,True,767555,2243,1262,TRANSFER,2537.7,2018-09-17T00:00:00Z
87,gather_scatter,True,768023,15580,2228,TRANSFER,2585.31,2018-09-17T00:00:00Z
3,cycle,True,768367,2550,619,TRANSFER,1799.72,2018-09-17T00:00:00Z
2,cycle,True,772440,284,16845,TRANSFER,1928.82,2018-09-21T00:00:00Z
3,cycle,True,772884,619,18952,TRANSFER,1619.75,2018-09-22T00:00:00Z
23,scatter_gather,True,773604,5027,70,TRANSFER,2855.42,2018-09-22T00:00:00Z
52,gather_scatter,True,773803,17715,693,TRANSFER,2773.82,2018-09-23T00:00:00Z
19,cycle,True,773805,3602,14476,TRANSFER,2277.09,2018-09-23T00:00:00Z
42,scatter_gather,True,773818,5408,1286,TRANSFER,2901.47,2018-09-23T00:00:00Z
66,gather_scatter,True,776150,18064,3641,TRANSFER,2821.4,2018-09-24T00:00:00Z
52,gather_scatter,True,776199,10988,693,TRANSFER,2773.82,2018-09-24T00:00:00Z
60,gather_scatter,True,776320,2410,6867,TRANSFER,2847.17,2018-09-25T00:00:00Z
52,gather_scatter,True,777112,11174,693,TRANSFER,2773.82,2018-09-25T00:00:00Z
60,gather_scatter,True,778933,964,6867,TRANSFER,2847.17,2018-09-27T00:00:00Z
42,scatter_gather,True,779107,5408,18913,TRANSFER,2901.47,2018-09-27T00:00:00Z
66,gather_scatter,True,779755,13149,3641,TRANSFER,2821.4,2018-09-27T00:00:00Z
66,gather_scatter,True,779756,15825,3641,TRANSFER,2821.4,2018-09-27T00:00:00Z
42,scatter_gather,True,780062,5408,1369,TRANSFER,2901.47,2018-09-28T00:00:00Z
23,scatter_gather,True,780587,70,251,TRANSFER,2569.88,2018-09-28T00:00:00Z
23,scatter_gather,True,780588,19768,251,TRANSFER,2569.88,2018-09-28T00:00:00Z
66,gather_scatter,True,781341,18206,3641,TRANSFER,2821.4,2018-09-29T00:00:00Z
60,gather_scatter,True,782585,3569,6867,TRANSFER,2847.17,2018-09-30T00:00:00Z
60,gather_scatter,True,784597,2977,6867,TRANSFER,2847.17,2018-10-01T00:00:00Z
42,scatter_gather,True,784627,1369,2913,TRANSFER,2611.33,2018-10-01T00:00:00Z
66,gather_scatter,True,785787,3641,8098,TRANSFER,2539.26,2018-10-02T00:00:00Z
42,scatter_gather,True,787989,18913,2913,TRANSFER,2611.33,2018-10-04T00:00:00Z
66,gather_scatter,True,789905,3641,8504,TRANSFER,2539.26,2018-10-05T00:00:00Z
60,gather_scatter,True,791131,6867,18664,TRANSFER,2562.46,2018-10-06T00:00:00Z
42,scatter_gather,True,791571,1286,2913,TRANSFER,2611.33,2018-10-06T00:00:00Z
60,gather_scatter,True,794114,6867,19268,TRANSFER,2562.46,2018-10-08T00:00:00Z
66,gather_scatter,True,794353,3641,6482,TRANSFER,2539.26,2018-10-08T00:00:00Z
23,scatter_gather,True,794401,54,251,TRANSFER,2569.88,2018-10-08T00:00:00Z
85,gather_scatter,True,795015,1632,6983,TRANSFER,2870.45,2018-10-09T00:00:00Z
66,gather_scatter,True,795673,3641,5436,TRANSFER,2539.26,2018-10-09T00:00:00Z
52,gather_scatter,True,795739,693,7444,TRANSFER,2496.43,2018-10-09T00:00:00Z
60,gather_scatter,True,796268,6867,13789,TRANSFER,2562.46,2018-10-10T00:00:00Z
29,scatter_gather,True,796819,3884,10432,TRANSFER,2840.97,2018-10-10T00:00:00Z
29,scatter_gather,True,796820,3884,12228,TRANSFER,2840.97,2018-10-10T00:00:00Z
29,scatter_gather,True,797958,3884,16433,TRANSFER,2840.97,2018-10-11T00:00:00Z
29,scatter_gather,True,797959,3884,8395,TRANSFER,2840.97,2018-10-11T00:00:00Z
85,gather_scatter,True,800184,2929,6983,TRANSFER,2870.45,2018-10-13T00:00:00Z
85,gather_scatter,True,800185,1067,6983,TRANSFER,2870.45,2018-10-13T00:00:00Z
29,scatter_gather,True,800905,3884,14830,TRANSFER,2840.97,2018-10-13T00:00:00Z
52,gather_scatter,True,803837,693,7957,TRANSFER,2496.43,2018-10-16T00:00:00Z
60,gather_scatter,True,804379,6867,13572,TRANSFER,2562.46,2018-10-16T00:00:00Z
72,gather_scatter,True,804714,2966,8376,TRANSFER,2961.91,2018-10-16T00:00:00Z
72,gather_scatter,True,805700,2540,8376,TRANSFER,2961.91,2018-10-17T00:00:00Z
29,scatter_gather,True,810943,12228,10544,TRANSFER,2556.88,2018-10-21T00:00:00Z
72,gather_scatter,True,810979,1256,8376,TRANSFER,2961.91,2018-10-21T00:00:00Z
52,gather_scatter,True,812501,693,4871,TRANSFER,2496.43,2018-10-22T00:00:00Z
29,scatter_gather,True,813299,14830,10544,TRANSFER,2556.88,2018-10-23T00:00:00Z
29,scatter_gather,True,813300,8395,10544,TRANSFER,2556.88,2018-10-23T00:00:00Z
85,gather_scatter,True,813794,6983,19570,TRANSFER,2583.41,2018-10-23T00:00:00Z
29,scatter_gather,True,814405,16433,10544,TRANSFER,2556.88,2018-10-24T00:00:00Z
72,gather_scatter,True,815528,2239,8376,TRANSFER,2961.91,2018-10-25T00:00:00Z
29,scatter_gather,True,815531,10432,10544,TRANSFER,2556.88,2018-10-25T00:00:00Z
85,gather_scatter,True,819704,6983,13602,TRANSFER,2583.41,2018-10-28T00:00:00Z
18,cycle,True,821080,19892,14196,TRANSFER,2882.63,2018-10-29T00:00:00Z
85,gather_scatter,True,822940,6983,18971,TRANSFER,2583.41,2018-10-31T00:00:00Z
36,scatter_gather,True,823815,1060,17926,TRANSFER,2957.16,2018-11-01T00:00:00Z
36,scatter_gather,True,823816,1060,17648,TRANSFER,2957.16,2018-11-01T00:00:00Z
79,gather_scatter,True,824630,2404,8762,TRANSFER,2768.21,2018-11-01T00:00:00Z
36,scatter_gather,True,825159,1060,11302,TRANSFER,2957.16,2018-11-02T00:00:00Z
18,cycle,True,825202,14196,8604,TRANSFER,2594.37,2018-11-02T00:00:00Z
12,cycle,True,826325,19466,13558,TRANSFER,2831.68,2018-11-03T00:00:00Z
36,scatter_gather,True,826613,1060,12467,TRANSFER,2957.16,2018-11-03T00:00:00Z
36,scatter_gather,True,826614,1060,9610,TRANSFER,2957.16,2018-11-03T00:00:00Z
72,gather_scatter,True,827077,8376,19021,TRANSFER,2665.72,2018-11-04T00:00:00Z
72,gather_scatter,True,829535,8376,13292,TRANSFER,2665.72,2018-11-06T00:00:00Z
12,cycle,True,829847,13558,8975,TRANSFER,2548.52,2018-11-06T00:00:00Z
18,cycle,True,830006,8604,6330,TRANSFER,2334.93,2018-11-06T00:00:00Z
72,gather_scatter,True,830844,8376,12692,TRANSFER,2665.72,2018-11-07T00:00:00Z
79,gather_scatter,True,831724,614,8762,TRANSFER,2768.21,2018-11-07T00:00:00Z
79,gather_scatter,True,831989,769,8762,TRANSFER,2768.21,2018-11-08T00:00:00Z
36,scatter_gather,True,833016,1060,15769,TRANSFER,2957.16,2018-11-08T00:00:00Z
36,scatter_gather,True,833017,1060,14972,TRANSFER,2957.16,2018-11-08T00:00:00Z
12,cycle,True,833305,8975,6857,TRANSFER,2293.66,2018-11-09T00:00:00Z
79,gather_scatter,True,833385,1258,8762,TRANSFER,2768.21,2018-11-09T00:00:00Z
79,gather_scatter,True,833386,1063,8762,TRANSFER,2768.21,2018-11-09T00:00:00Z
18,cycle,True,835569,6330,164,TRANSFER,2101.44,2018-11-10T00:00:00Z
79,gather_scatter,True,835995,8762,15888,TRANSFER,2491.39,2018-11-11T00:00:00Z
36,scatter_gather,True,836226,1060,13976,TRANSFER,2957.16,2018-11-11T00:00:00Z
12,cycle,True,837056,6857,1218,TRANSFER,2064.3,2018-11-12T00:00:00Z
72,gather_scatter,True,837770,8376,18740,TRANSFER,2665.72,2018-11-12T00:00:00Z
18,cycle,True,839218,164,2979,TRANSFER,1891.3,2018-11-14T00:00:00Z
12,cycle,True,840745,1218,3762,TRANSFER,1857.87,2018-11-15T00:00:00Z
79,gather_scatter,True,840751,8762,19146,TRANSFER,2491.39,2018-11-15T00:00:00Z
36,scatter_gather,True,841403,11302,17001,TRANSFER,2661.45,2018-11-16T00:00:00Z
79,gather_scatter,True,842074,8762,14741,TRANSFER,2491.39,2018-11-16T00:00:00Z
79,gather_scatter,True,843370,8762,18367,TRANSFER,2491.39,2018-11-17T00:00:00Z
36,scatter_gather,True,843411,15769,17001,TRANSFER,2661.45,2018-11-17T00:00:00Z
36,scatter_gather,True,843412,14972,17001,TRANSFER,2661.45,2018-11-17T00:00:00Z
36,scatter_gather,True,843413,9610,17001,TRANSFER,2661.45,2018-11-17T00:00:00Z
79,gather_scatter,True,845194,8762,14227,TRANSFER,2491.39,2018-11-19T00:00:00Z
36,scatter_gather,True,847300,12467,17001,TRANSFER,2661.45,2018-11-21T00:00:00Z
12,cycle,True,848091,3762,19466,TRANSFER,1672.08,2018-11-22T00:00:00Z
36,scatter_gather,True,848418,17648,17001,TRANSFER,2661.45,2018-11-22T00:00:00Z
36,scatter_gather,True,848419,13976,17001,TRANSFER,2661.45,2018-11-22T00:00:00Z
36,scatter_gather,True,849712,17926,17001,TRANSFER,2661.45,2018-11-23T00:00:00Z
18,cycle,True,852552,2979,19892,TRANSFER,1702.17,2018-11-26T00:00:00Z
74,gather_scatter,True,859838,6012,265,TRANSFER,2982.66,2018-12-01T00:00:00Z
74,gather_scatter,True,861686,7196,265,TRANSFER,2982.66,2018-12-03T00:00:00Z
74,gather_scatter,True,863745,7381,265,TRANSFER,2982.66,2018-12-04T00:00:00Z
74,gather_scatter,True,864817,6882,265,TRANSFER,2982.66,2018-12-05T00:00:00Z
74,gather_scatter,True,869731,265,13811,TRANSFER,2684.4,2018-12-09T00:00:00Z
74,gather_scatter,True,871636,265,19351,TRANSFER,2684.4,2018-12-10T00:00:00Z
74,gather_scatter,True,877468,265,12544,TRANSFER,2684.4,2018-12-15T00:00:00Z
74,gather_scatter,True,879083,265,14229,TRANSFER,2684.4,2018-12-16T00:00:00Z
